Date,Time,"Core VIDs (avg) [V]","Core 0 VID [V]","Core 1 VID [V]","Core 2 VID [V]","Core 3 VID [V]","CPU (Tctl/Tdie) [°C]","CPU SOC [°C]","APU GFX [°C]","Core Temperatures (avg) [°C]","Core0 [°C]","Core1 [°C]","Core2 [°C]","Core3 [°C]","L3 Cache [°C]","CPU Core Voltage (SVI2 TFN) [V]","SoC Voltage (SVI2 TFN) [V]","CPU Core VID (Effective) [V]","CPU Core Current (SVI2 TFN) [A]","SoC Current (SVI2 TFN) [A]","CPU TDC [A]","CPU Package Power [W]","Core Powers (avg) [W]","Core 0 Power [W]","Core 1 Power [W]","Core 2 Power [W]","Core 3 Power [W]","CPU Core Power (SVI2 TFN) [W]","CPU SoC Power (SVI2 TFN) [W]","Core+SoC Power (SVI2 TFN) [W]","APU STAPM [W]","Motherboard [°C]","CPU [°C]","AUXTIN2 [°C]","CPU (PECI) [°C]","Vcore [V]","VIN1 [V]","+3.3V (AVCC) [V]","+3.3V (3VCC) [V]","+12V [V]","VCOREREFIN [V]","VIN4 [V]","3VSB [V]","VBAT [V]","VIN5 [V]","VIN6 [V]","+5V [V]","VIN3 [V]","VIN7 [V]","CPU1 [RPM]","Drive Airflow Temperature [°C]","Drive Temperature [°C]","GPU Temperature [°C]","GPU Core Voltage (VDDCR_GFX) [V]",
7.11.2025,18:20:56.922,1.312,1.363,1.188,1.350,1.350,52.6,47.4,44.2,48.1,46.8,50.8,47.4,47.3,47.9,1.298,1.088,1.387,11.167,4.926,10.174,10.194,1.427,1.517,2.302,1.014,0.875,14.692,5.358,20.049,12.507,37.0,43.6,24.0,40.0,1.360,0.392,3.376,3.376,12.091,1.088,0.312,3.408,3.232,0.224,1.032,5.088,1.032,1.784,1607,40,38,43.0,0.727,
7.11.2025,18:21:56.919,1.102,1.406,1.000,1.000,1.000,43.6,43.9,41.2,41.3,41.3,41.0,41.7,41.0,41.5,0.739,1.090,1.406,2.752,4.173,2.886,4.198,0.111,0.169,0.107,0.084,0.083,2.878,4.549,7.427,11.904,37.0,43.6,24.0,40.0,0.320,0.376,3.392,3.392,12.091,1.096,0.312,3.408,3.232,0.224,1.040,5.112,1.032,1.784,1636,40,37,40.0,0.727,
7.11.2025,18:22:56.928,1.138,1.438,1.038,1.038,1.038,44.5,44.6,41.5,42.2,42.3,42.0,42.7,41.8,42.8,0.963,1.089,1.469,4.936,4.550,4.929,5.801,0.397,0.580,0.346,0.386,0.276,5.656,4.957,10.613,11.555,37.0,44.5,24.0,40.0,0.704,0.376,3.392,3.392,12.091,1.096,0.312,3.408,3.232,0.224,1.040,5.112,1.032,1.784,1609,40,37,41.0,0.722,
7.11.2025,18:23:56.950,1.419,1.438,1.406,1.400,1.431,43.0,42.8,40.0,40.3,40.4,40.2,40.8,39.9,40.3,0.738,1.091,1.456,2.562,4.090,2.564,4.042,0.069,0.102,0.055,0.053,0.065,2.603,4.461,7.064,11.295,37.0,42.2,24.0,40.0,0.720,0.360,3.392,3.392,12.091,1.088,0.312,3.408,3.232,0.224,1.032,5.112,1.032,1.784,1607,40,37,37.0,0.723,
7.11.2025,18:24:56.960,1.228,1.262,1.000,1.262,1.387,42.2,41.8,39.1,39.3,39.4,39.3,39.8,38.9,39.4,0.736,1.091,1.463,2.516,4.087,2.524,4.009,0.059,0.082,0.046,0.049,0.059,2.533,4.458,6.991,10.275,37.0,42.5,24.0,40.0,0.544,0.360,3.392,3.392,12.091,1.096,0.312,3.408,3.232,0.224,1.040,5.112,1.032,1.784,1605,40,37,37.0,0.723,
7.11.2025,18:25:56.975,1.109,1.013,1.013,1.013,1.400,42.5,41.4,38.7,38.9,38.9,38.8,39.3,38.4,38.9,0.739,1.091,1.469,2.528,4.090,2.524,4.021,0.061,0.088,0.049,0.053,0.053,2.552,4.461,7.013,9.741,37.0,42.8,24.0,40.0,0.752,0.384,3.392,3.392,12.091,1.096,0.312,3.408,3.232,0.224,1.040,5.112,1.032,1.784,1605,40,37,37.0,0.723,
7.11.2025,18:26:56.981,1.058,1.000,0.812,1.019,1.400,42.8,41.4,38.6,38.9,38.9,38.9,39.3,38.5,39.0,0.751,1.091,1.450,2.873,4.104,2.872,4.261,0.132,0.197,0.089,0.106,0.135,3.064,4.477,7.541,9.449,37.0,41.5,24.0,40.0,0.688,0.384,3.392,3.392,12.091,1.096,0.312,3.408,3.232,0.224,1.040,5.112,1.032,1.784,1636,40,37,39.0,0.723,
7.11.2025,18:27:56.990,0.869,1.000,0.825,0.825,0.825,52.0,41.5,38.7,39.0,39.1,39.0,39.3,38.5,39.1,0.769,1.091,1.463,2.839,4.109,2.840,4.240,0.108,0.194,0.088,0.069,0.081,2.977,4.482,7.459,9.705,37.0,41.4,24.0,40.0,0.560,0.384,3.392,3.392,12.091,1.096,0.312,3.408,3.232,0.224,1.032,5.088,1.032,1.784,1612,40,37,36.0,0.723,
7.11.2025,18:28:57.005,1.069,0.812,0.812,0.812,0.812,41.4,41.1,38.4,38.4,38.4,38.4,38.8,37.9,38.5,0.731,1.091,1.469,2.491,4.081,2.490,3.990,0.058,0.083,0.048,0.044,0.059,2.505,4.451,6.956,9.409,37.0,41.1,24.0,40.0,0.656,0.384,3.392,3.392,12.091,1.088,0.312,3.408,3.232,0.224,1.040,5.112,1.032,1.784,1607,40,37,36.0,0.723,
7.11.2025,18:29:57.017,0.812,1.000,0.812,0.812,1.013,41.1,40.9,38.2,38.2,38.2,38.2,38.6,37.7,38.3,0.727,1.091,1.469,2.466,4.076,2.472,3.969,0.058,0.095,0.045,0.046,0.047,2.469,4.446,6.915,9.217,37.0,41.2,24.0,40.0,0.688,0.360,3.392,3.392,12.091,1.096,0.312,3.408,3.232,0.224,1.032,5.112,1.032,1.784,1609,40,37,36.0,0.723,
7.11.2025,18:30:57.016,0.909,0.812,0.812,0.812,0.812,41.2,40.9,38.3,38.1,38.1,38.1,38.4,37.7,38.3,0.724,1.091,1.469,2.464,4.081,2.466,3.971,0.058,0.087,0.046,0.044,0.056,2.477,4.451,6.927,9.111,37.0,41.1,24.0,40.0,0.672,0.360,3.392,3.376,12.091,1.088,0.312,3.408,3.232,0.224,1.032,5.112,1.032,1.784,1607,40,37,36.0,0.723,
7.11.2025,18:31:57.032,1.202,1.400,1.000,1.031,1.375,41.5,40.9,38.3,38.2,38.1,38.2,38.5,37.8,38.3,0.736,1.091,1.406,2.534,4.084,2.535,4.019,0.062,0.086,0.045,0.051,0.064,2.560,4.455,7.014,9.051,37.0,41.5,24.0,40.0,0.384,0.376,3.392,3.392,12.091,1.088,0.312,3.408,3.232,0.224,1.032,5.112,1.032,1.784,1605,40,37,37.0,0.723,
7.11.2025,18:32:57.037,1.330,1.438,1.438,1.013,1.431,41.2,41.1,38.4,38.4,38.3,38.4,38.7,38.2,38.6,0.765,1.091,1.438,2.829,4.092,2.830,4.232,0.098,0.106,0.065,0.079,0.142,2.986,4.464,7.450,9.188,37.0,41.2,24.0,40.0,0.624,0.376,3.392,3.392,12.091,1.088,0.312,3.408,3.232,0.224,1.032,5.112,1.032,1.784,1607,40,37,39.0,0.723,
7.11.2025,18:33:57.047,1.320,1.013,1.438,1.394,1.438,41.5,40.9,38.3,38.1,38.1,38.1,38.4,37.7,38.3,0.728,1.091,1.413,2.469,4.069,2.467,3.969,0.058,0.093,0.046,0.047,0.047,2.475,4.438,6.913,9.185,37.0,41.5,24.0,40.0,0.784,0.384,3.392,3.392,12.091,1.088,0.312,3.408,3.216,0.224,1.032,5.088,1.032,1.784,1607,40,37,37.0,0.723,
7.11.2025,18:34:57.036,1.320,1.013,1.438,1.394,1.438,41.5,40.9,38.3,38.1,38.1,38.1,38.4,37.7,38.3,0.728,1.091,1.413,2.469,4.069,2.467,3.969,0.058,0.093,0.046,0.047,0.047,2.475,4.438,6.913,9.185,37.0,41.5,24.0,40.0,0.672,0.384,3.392,3.392,12.091,1.096,0.312,3.408,3.232,0.224,1.032,5.112,1.032,1.784,1634,40,37,36.0,0.723,
7.11.2025,18:35:57.046,1.087,1.387,0.988,0.988,0.988,41.5,40.9,38.3,38.0,38.0,38.0,38.3,37.7,38.3,0.732,1.091,1.400,2.493,4.072,2.504,3.991,0.063,0.103,0.047,0.049,0.055,2.516,4.442,6.958,9.100,37.0,41.2,24.0,40.0,0.992,0.384,3.392,3.392,12.091,1.088,0.312,3.408,3.232,0.224,1.040,5.112,1.032,1.784,1607,40,37,36.0,0.723,
7.11.2025,18:36:57.048,1.314,1.369,1.438,1.438,1.013,41.2,40.9,38.2,38.0,38.0,38.0,38.4,37.7,38.3,0.730,1.091,1.463,2.496,4.072,2.486,3.989,0.063,0.110,0.050,0.042,0.052,2.513,4.441,6.954,9.046,37.0,41.2,24.0,40.0,0.992,0.384,3.392,3.392,12.091,1.088,0.312,3.408,3.232,0.224,1.040,5.112,1.032,1.784,1607,40,37,36.0,0.723,
7.11.2025,18:37:57.047,1.094,1.000,1.000,1.375,1.000,41.2,41.0,38.3,38.2,38.2,38.2,38.5,37.8,38.4,0.743,1.091,1.413,2.597,4.089,2.598,4.067,0.074,0.120,0.054,0.053,0.068,2.651,4.460,7.112,9.094,37.0,41.2,24.0,40.0,0.752,0.384,3.392,3.392,12.091,1.096,0.312,3.408,3.232,0.224,1.040,5.112,1.032,1.784,1638,40,37,36.0,0.723,
7.11.2025,18:38:57.038,1.325,1.419,1.456,1.013,1.413,50.8,40.9,38.3,37.9,37.9,37.9,38.3,37.6,38.3,0.731,1.091,1.438,2.483,4.077,2.481,3.981,0.057,0.090,0.044,0.048,0.047,2.485,4.446,6.932,9.059,37.0,41.2,24.0,40.0,0.992,0.384,3.392,3.392,12.091,1.088,0.312,3.408,3.232,0.224,1.040,5.088,1.032,1.784,1603,40,37,36.0,0.723,
7.11.2025,18:39:57.037,1.402,1.438,1.406,1.337,1.425,41.1,40.9,38.3,38.0,38.0,38.0,38.4,37.7,38.3,0.734,1.091,1.444,2.514,4.083,2.520,4.007,0.066,0.109,0.056,0.049,0.049,2.535,4.454,6.988,9.039,37.0,41.2,24.0,40.0,0.928,0.392,3.392,3.392,12.091,1.096,0.312,3.408,3.232,0.224,1.032,5.112,1.032,1.784,1610,40,37,37.0,0.723,
7.11.2025,18:40:57.050,1.400,1.400,1.400,1.400,1.400,41.5,40.8,38.2,38.0,38.0,38.0,38.4,37.6,38.2,0.735,1.091,1.431,2.494,4.086,2.500,3.997,0.058,0.095,0.046,0.044,0.049,2.505,4.457,6.962,9.037,37.0,41.5,24.0,40.0,0.304,0.376,3.392,3.392,12.091,1.096,0.312,3.408,3.232,0.224,1.040,5.112,1.032,1.784,1605,40,37,37.0,0.723,
7.11.2025,18:41:57.054,1.164,1.013,1.025,1.306,1.312,55.6,41.5,38.6,39.1,39.0,39.1,39.4,38.7,39.3,0.804,1.090,1.312,3.756,4.220,3.633,4.900,0.296,0.448,0.246,0.230,0.258,4.277,4.601,8.878,9.086,37.0,55.1,24.0,40.0,1.008,0.384,3.392,3.376,12.091,1.096,0.312,3.408,3.232,0.224,1.040,5.112,1.032,1.784,1603,40,37,40.0,0.723,
7.11.2025,18:42:57.060,1.425,1.406,1.438,1.444,1.413,44.2,45.0,41.9,42.7,42.7,42.4,43.0,42.6,43.4,1.028,1.089,1.444,5.658,4.706,5.758,6.345,0.512,0.778,0.404,0.397,0.470,6.650,5.125,11.775,11.647,37.0,44.2,24.0,40.0,1.200,0.384,3.392,3.392,12.091,1.088,0.312,3.408,3.232,0.224,1.040,5.088,1.032,1.784,1580,40,37,39.0,0.723,
7.11.2025,18:43:57.060,1.281,1.256,1.013,1.444,1.413,49.5,44.4,41.4,42.0,42.2,41.7,42.4,41.8,42.5,0.956,1.090,1.262,4.573,4.487,4.538,5.525,0.345,0.564,0.273,0.282,0.260,5.220,4.890,10.110,11.881,37.0,49.6,24.0,40.0,1.024,0.384,3.392,3.392,12.091,1.088,0.312,3.408,3.232,0.224,1.032,5.088,1.032,1.784,1632,40,37,40.0,0.722,
7.11.2025,18:44:57.060,1.291,1.350,1.025,1.394,1.394,56.9,47.3,44.1,45.2,45.5,45.1,45.4,44.8,46.0,1.131,1.088,1.375,7.439,4.956,7.413,7.641,0.859,1.468,0.699,0.636,0.631,9.044,5.394,14.438,13.347,37.0,56.4,24.0,40.0,1.328,0.392,3.376,3.376,12.038,1.088,0.312,3.408,3.232,0.224,1.040,5.088,1.032,1.784,1636,40,38,42.0,0.722,
7.11.2025,18:45:57.053,1.072,1.087,1.025,1.087,1.087,50.5,47.6,44.7,45.4,45.4,45.4,45.6,45.1,46.2,1.015,1.089,1.094,6.124,4.631,6.128,6.623,0.644,0.988,0.624,0.509,0.454,7.363,5.045,12.408,14.899,37.0,50.8,24.0,40.0,1.024,0.384,3.376,3.376,12.038,1.088,0.312,3.408,3.232,0.224,1.040,5.112,1.032,1.784,1634,40,38,42.0,0.721,
7.11.2025,18:46:57.064,1.298,1.394,1.013,1.394,1.394,49.5,45.6,42.6,42.8,42.9,42.6,43.2,42.6,43.4,0.855,1.090,1.438,3.747,4.311,3.772,4.921,0.231,0.340,0.236,0.197,0.152,4.155,4.700,8.854,13.683,38.0,49.8,24.0,40.0,0.752,0.384,3.392,3.392,12.091,1.096,0.312,3.408,3.232,0.224,1.032,5.112,1.032,1.784,1609,40,38,43.0,0.721,
7.11.2025,18:47:57.087,1.037,1.075,1.025,1.025,1.025,54.2,44.8,42.0,42.1,42.3,41.8,42.5,42.0,42.5,0.873,1.090,1.094,3.648,4.427,3.660,4.896,0.205,0.357,0.159,0.136,0.169,3.997,4.824,8.822,12.479,38.0,54.5,24.0,40.0,1.200,0.392,3.392,3.392,12.091,1.088,0.312,3.408,3.232,0.224,1.040,5.088,1.032,1.784,1609,40,38,39.0,0.721,
7.11.2025,18:48:57.086,1.292,1.394,1.387,1.000,1.387,56.9,45.2,42.2,42.6,42.7,42.2,43.0,42.3,43.1,0.934,1.090,1.456,4.330,4.489,4.349,5.351,0.294,0.454,0.223,0.271,0.229,4.874,4.892,9.766,12.203,38.0,57.4,24.0,40.0,1.104,0.392,3.392,3.392,12.091,1.096,0.312,3.408,3.232,0.224,1.040,5.112,1.032,1.784,1610,40,38,39.0,0.721,
7.11.2025,18:49:57.085,1.273,1.219,1.225,1.431,1.219,55.4,45.5,42.6,43.0,43.2,42.6,43.4,42.8,43.7,0.955,1.089,1.387,4.709,4.531,4.658,5.670,0.371,0.619,0.259,0.318,0.288,5.483,4.936,10.419,12.409,38.0,55.8,24.0,40.0,1.184,0.392,3.376,3.376,12.091,1.088,0.312,3.408,3.232,0.224,1.040,5.088,1.032,1.784,1610,40,38,42.0,0.721,
7.11.2025,18:50:57.100,1.314,1.400,1.400,1.013,1.444,51.2,45.7,42.6,43.0,43.4,42.7,43.4,42.7,43.7,0.970,1.090,1.450,4.717,4.468,4.738,5.618,0.406,0.813,0.299,0.276,0.238,5.455,4.869,10.324,12.531,38.0,51.8,24.0,40.0,1.008,0.384,3.392,3.392,12.091,1.096,0.312,3.408,3.232,0.224,1.040,5.088,1.032,1.784,1636,40,38,40.0,0.721,
7.11.2025,18:51:57.110,1.281,1.387,1.000,1.350,1.387,45.1,44.9,42.0,42.2,42.4,41.8,42.6,41.9,42.6,0.890,1.090,1.456,3.729,4.371,3.771,4.905,0.231,0.464,0.179,0.151,0.131,4.078,4.766,8.844,12.229,38.0,45.2,24.0,40.0,1.008,0.384,3.392,3.376,12.091,1.088,0.312,3.408,3.232,0.224,1.032,5.088,1.032,1.784,1582,40,38,41.0,0.721,
7.11.2025,18:52:57.124,1.113,1.350,1.013,1.025,1.062,48.9,44.4,41.6,41.9,42.0,41.5,42.3,41.6,42.2,0.894,1.090,1.381,3.853,4.388,3.774,5.002,0.233,0.402,0.169,0.190,0.172,4.273,4.782,9.055,11.599,38.0,48.9,24.0,40.0,1.008,0.384,3.376,3.376,12.038,1.088,0.312,3.408,3.232,0.224,1.032,5.088,1.032,1.784,1577,40,38,40.0,0.721,
7.11.2025,18:53:57.120,1.317,1.438,1.438,1.381,1.013,44.8,44.5,41.7,41.9,42.0,41.5,42.3,41.7,42.2,0.842,1.090,1.394,3.520,4.342,3.592,4.731,0.209,0.341,0.164,0.169,0.160,3.827,4.734,8.561,11.653,38.0,44.8,24.0,40.0,0.624,0.376,3.392,3.392,12.091,1.088,0.312,3.408,3.232,0.224,1.032,5.088,1.032,1.784,1638,40,38,38.0,0.722,
7.11.2025,18:54:57.130,1.359,1.425,1.337,1.337,1.337,48.5,43.8,40.9,41.4,41.6,41.2,41.8,41.1,41.6,0.848,1.090,1.450,3.539,4.303,3.516,4.774,0.221,0.415,0.167,0.154,0.147,3.932,4.691,8.623,11.064,38.0,48.6,24.0,40.0,0.480,0.376,3.392,3.376,12.038,1.088,0.312,3.408,3.232,0.224,1.032,5.088,1.032,1.784,1609,40,38,39.0,0.722,
7.11.2025,18:55:57.147,1.066,1.025,1.075,1.075,1.087,52.1,44.7,41.7,42.2,42.4,41.8,42.6,41.9,42.6,0.941,1.090,1.156,4.334,4.456,4.308,5.352,0.301,0.520,0.203,0.256,0.226,4.923,4.856,9.779,11.500,38.0,52.6,24.0,40.0,1.088,0.384,3.392,3.376,12.091,1.088,0.312,3.408,3.232,0.224,1.032,5.088,1.032,1.784,1607,40,38,40.0,0.722,
7.11.2025,18:56:57.164,1.425,1.425,1.381,1.444,1.450,44.8,44.8,41.9,42.2,42.5,41.9,42.6,42.0,42.7,0.923,1.090,1.463,4.170,4.463,4.212,5.245,0.297,0.545,0.227,0.214,0.200,4.700,4.863,9.563,11.786,38.0,44.8,24.0,40.0,1.008,0.384,3.392,3.392,12.091,1.088,0.312,3.408,3.232,0.224,1.032,5.112,1.032,1.784,1609,40,38,39.0,0.721,
7.11.2025,18:57:57.176,0.969,1.363,0.838,0.838,0.838,47.5,44.6,41.7,42.1,42.4,41.7,42.4,41.8,42.6,0.921,1.090,1.438,4.137,4.385,4.117,5.188,0.304,0.608,0.223,0.202,0.182,4.677,4.780,9.457,11.702,38.0,47.0,24.0,40.0,1.152,0.392,3.376,3.376,12.091,1.088,0.312,3.408,3.232,0.224,1.032,5.112,1.032,1.784,1580,40,38,39.0,0.721,
7.11.2025,18:58:57.186,1.375,1.337,1.413,1.413,1.337,56.9,45.7,42.4,43.9,44.1,43.9,44.2,43.5,44.2,0.959,1.089,1.363,6.027,4.608,5.921,6.565,0.684,1.091,0.587,0.542,0.518,7.345,5.020,12.365,11.883,38.0,57.2,24.0,40.0,1.360,0.392,3.376,3.376,12.091,1.088,0.312,3.408,3.232,0.224,1.032,5.088,1.032,1.784,1607,40,38,41.0,0.721,
7.11.2025,18:59:57.195,0.973,1.381,0.838,0.838,0.838,45.8,46.1,43.2,43.2,43.2,42.9,43.5,43.0,44.0,0.944,1.090,1.406,4.303,4.477,4.440,5.343,0.270,0.410,0.259,0.216,0.193,4.763,4.879,9.642,13.240,38.0,45.8,24.0,40.0,0.384,0.376,3.392,3.392,12.091,1.088,0.312,3.408,3.232,0.224,1.032,5.088,1.032,1.784,1582,40,38,42.0,0.722,
7.11.2025,19:0:57.206,1.319,1.438,1.013,1.438,1.387,54.1,44.6,41.7,42.1,42.2,41.9,42.5,41.8,42.5,0.865,1.090,1.419,3.732,4.305,3.731,4.914,0.221,0.312,0.234,0.181,0.157,4.147,4.694,8.841,12.134,38.0,54.5,24.0,40.0,0.656,0.360,3.392,3.392,12.091,1.088,0.312,3.408,3.232,0.224,1.032,5.088,1.032,1.784,1640,40,38,39.0,0.721,
7.11.2025,19:1:57.219,1.209,1.212,1.200,1.212,1.212,53.1,48.1,44.6,46.6,46.8,46.5,46.9,46.2,47.1,1.118,1.089,1.319,8.052,4.900,7.994,8.033,1.009,1.639,0.800,0.827,0.768,10.044,5.336,15.381,13.598,38.0,53.6,24.0,40.0,1.024,0.384,3.376,3.376,12.091,1.088,0.312,3.408,3.232,0.224,1.032,5.088,1.032,1.784,1582,40,38,42.0,0.721,
7.11.2025,19:2:57.234,1.412,1.400,1.387,1.425,1.438,52.9,46.5,43.8,43.4,43.5,43.1,43.7,43.3,44.5,0.935,1.090,1.438,4.145,4.459,4.186,5.233,0.261,0.450,0.218,0.206,0.172,4.617,4.860,9.477,14.115,38.0,53.1,24.0,40.0,0.848,0.384,3.392,3.376,12.091,1.088,0.312,3.408,3.232,0.224,1.040,5.112,1.032,1.784,1584,40,38,40.0,0.721,
7.11.2025,19:3:57.243,1.419,1.406,1.419,1.444,1.406,46.2,45.7,42.9,42.8,42.9,42.4,43.3,42.7,43.6,0.922,1.090,1.450,4.153,4.457,4.153,5.231,0.270,0.439,0.194,0.245,0.203,4.651,4.857,9.508,13.049,38.0,46.2,24.0,40.0,1.072,0.384,3.392,3.392,12.091,1.088,0.312,3.408,3.232,0.224,1.040,5.112,1.032,1.784,1580,40,38,40.0,0.721,
7.11.2025,19:4:57.256,0.975,1.387,0.838,0.838,0.838,45.8,45.6,42.7,42.7,42.8,42.4,43.0,42.6,43.6,0.974,1.090,1.438,4.473,4.472,4.459,5.446,0.312,0.561,0.275,0.229,0.183,4.999,4.875,9.874,12.680,38.0,45.8,24.0,40.0,0.976,0.400,3.392,3.392,12.091,1.096,0.312,3.408,3.232,0.224,1.040,5.112,1.032,1.784,1638,40,39,40.0,0.721,
7.11.2025,19:5:57.256,0.977,1.394,0.838,0.838,0.838,49.9,45.7,42.8,43.1,43.3,42.8,43.4,43.0,43.9,0.949,1.090,1.463,4.820,4.474,4.853,5.696,0.412,0.708,0.349,0.317,0.275,5.570,4.876,10.446,12.536,38.0,50.1,24.0,40.0,0.608,0.360,3.392,3.392,12.091,1.096,0.312,3.408,3.232,0.224,1.040,5.112,1.032,1.784,1640,40,38,43.0,0.721,
7.11.2025,19:6:57.265,1.109,1.137,1.075,1.125,1.100,49.9,45.5,42.6,42.6,42.8,42.3,43.0,42.5,43.6,0.946,1.090,1.188,4.384,4.420,4.343,5.378,0.309,0.545,0.274,0.233,0.185,4.916,4.818,9.734,12.522,38.0,49.2,24.0,40.0,1.008,0.384,3.392,3.376,12.091,1.088,0.312,3.408,3.232,0.224,1.032,5.088,1.032,1.784,1612,40,38,40.0,0.721,
7.11.2025,19:7:57.262,1.319,1.400,1.438,1.438,1.000,47.0,45.8,42.9,42.9,43.0,42.5,43.2,42.8,43.8,0.989,1.090,1.406,4.576,4.514,4.605,5.529,0.317,0.591,0.256,0.223,0.200,5.107,4.920,10.027,12.680,38.0,47.1,24.0,40.0,0.752,0.376,3.392,3.392,12.091,1.088,0.312,3.408,3.232,0.224,1.032,5.112,1.032,1.784,1640,40,38,40.0,0.721,
7.11.2025,19:8:57.259,1.356,1.363,1.337,1.363,1.363,57.6,44.6,42.0,41.9,42.0,41.5,42.3,41.7,42.3,0.897,1.090,1.369,3.670,4.469,3.553,4.879,0.186,0.302,0.144,0.139,0.160,3.921,4.872,8.793,11.978,38.0,57.5,24.0,40.0,1.360,0.392,3.360,3.360,12.038,1.088,0.312,3.408,3.232,0.224,1.040,5.088,1.032,1.784,1638,40,38,41.0,0.721,
7.11.2025,19:9:57.256,1.413,1.413,1.413,1.413,1.413,50.9,47.9,44.7,46.0,46.2,46.1,46.0,45.6,46.8,1.118,1.089,1.387,7.389,4.826,7.480,7.558,0.863,1.447,0.758,0.623,0.624,9.090,5.256,14.346,13.702,38.0,51.1,24.0,40.0,1.024,0.384,3.392,3.392,12.091,1.088,0.312,3.424,3.232,0.224,1.040,5.112,1.032,1.784,1609,40,38,41.0,0.721,
7.11.2025,19:10:57.279,1.069,1.087,1.081,1.025,1.081,55.8,47.0,44.1,44.2,44.5,44.0,44.5,43.8,45.4,1.044,1.089,1.094,5.499,4.598,5.472,6.170,0.491,0.919,0.395,0.368,0.282,6.318,5.011,11.329,13.932,38.0,55.2,24.0,40.0,1.072,0.384,3.392,3.392,12.091,1.096,0.312,3.424,3.232,0.224,1.040,5.088,1.032,1.784,1610,40,38,41.0,0.721,
7.11.2025,19:11:57.294,1.420,1.419,1.419,1.419,1.425,47.0,47.0,44.1,44.2,44.3,44.0,44.4,44.0,45.3,0.982,1.090,1.450,5.147,4.513,5.182,5.927,0.449,0.777,0.381,0.333,0.303,5.973,4.919,10.892,14.033,38.0,47.1,24.0,40.0,0.560,0.384,3.392,3.392,12.091,1.096,0.312,3.424,3.232,0.224,1.040,5.112,1.032,1.784,1612,40,39,40.0,0.721,
7.11.2025,19:12:57.290,1.161,1.137,1.163,1.175,1.169,52.2,46.5,43.5,43.6,43.8,43.4,43.9,43.5,44.7,0.971,1.090,1.194,4.863,4.480,4.805,5.713,0.403,0.734,0.338,0.288,0.251,5.550,4.883,10.433,13.490,38.0,52.6,24.0,40.0,1.152,0.392,3.376,3.376,12.091,1.096,0.312,3.408,3.232,0.224,1.040,5.088,1.032,1.784,1582,40,38,41.0,0.721,
7.11.2025,19:13:57.303,1.078,1.062,1.087,1.087,1.075,57.8,46.5,43.5,43.6,43.7,43.3,43.9,43.4,44.7,0.988,1.089,1.094,4.938,4.565,4.960,5.802,0.397,0.717,0.336,0.290,0.244,5.623,4.974,10.597,13.314,38.0,46.9,24.0,40.0,1.024,0.384,3.392,3.392,12.091,1.088,0.312,3.408,3.232,0.224,1.040,5.112,1.032,1.784,1582,40,39,41.0,0.721,
7.11.2025,19:14:57.321,1.312,1.288,1.337,1.288,1.337,50.1,46.5,43.5,43.6,43.8,43.4,43.9,43.4,44.8,0.983,1.090,1.375,4.978,4.513,4.974,5.817,0.426,0.751,0.374,0.318,0.260,5.714,4.918,10.633,13.344,38.0,50.6,24.0,40.0,1.088,0.392,3.376,3.376,12.038,1.088,0.312,3.408,3.232,0.224,1.040,5.088,1.032,1.784,1638,40,38,43.0,0.721,
7.11.2025,19:15:57.322,1.439,1.444,1.444,1.419,1.450,46.8,46.0,43.1,43.1,43.2,42.7,43.4,42.9,44.1,0.961,1.090,1.444,4.469,4.431,4.514,5.436,0.321,0.606,0.262,0.237,0.178,5.003,4.831,9.835,13.084,38.0,47.0,24.0,40.0,0.496,0.384,3.392,3.392,12.091,1.088,0.312,3.408,3.232,0.224,1.032,5.112,1.032,1.784,1582,40,38,40.0,0.721,
7.11.2025,19:16:57.337,1.117,1.175,1.062,1.163,1.069,54.9,45.5,42.6,42.6,42.7,42.1,43.0,42.5,43.3,0.933,1.090,1.194,4.059,4.452,4.009,5.148,0.245,0.418,0.196,0.201,0.166,4.496,4.852,9.348,12.466,38.0,55.5,24.0,40.0,1.408,0.400,3.360,3.360,12.038,1.096,0.312,3.408,3.232,0.224,1.032,5.088,1.032,1.784,1582,40,38,40.0,0.721,
7.11.2025,19:17:57.342,1.387,1.363,1.363,1.400,1.425,47.8,45.5,42.6,42.7,42.8,42.3,43.1,42.6,43.5,0.942,1.090,1.444,4.367,4.455,4.388,5.382,0.316,0.543,0.243,0.256,0.222,4.949,4.856,9.805,12.226,38.0,47.2,24.0,40.0,1.136,0.384,3.392,3.376,12.091,1.088,0.312,3.408,3.232,0.224,1.032,5.088,1.032,1.784,1580,40,38,42.0,0.721,
7.11.2025,19:18:57.337,1.205,1.212,1.212,1.212,1.181,47.4,46.2,43.2,43.3,43.5,43.0,43.6,43.1,44.4,1.041,1.089,1.256,5.229,4.652,5.217,6.045,0.435,0.816,0.358,0.311,0.255,6.017,5.068,11.085,12.574,38.0,47.4,24.0,40.0,1.008,0.384,3.392,3.376,12.091,1.088,0.312,3.408,3.232,0.224,1.032,5.112,1.032,1.784,1609,40,38,40.0,0.721,
7.11.2025,19:19:57.338,1.417,1.425,1.425,1.406,1.413,51.2,45.6,42.7,42.7,42.8,42.3,43.0,42.5,43.5,0.963,1.090,1.381,4.178,4.491,4.175,5.244,0.246,0.452,0.197,0.176,0.158,4.561,4.896,9.456,12.661,38.0,51.8,24.0,40.0,1.344,0.392,3.376,3.376,12.038,1.088,0.312,3.408,3.232,0.224,1.032,5.088,1.032,1.784,1610,40,38,42.0,0.721,
7.11.2025,19:20:57.345,0.878,0.812,0.812,0.812,1.075,46.5,45.7,42.6,43.0,43.1,42.7,43.3,42.7,43.8,0.986,1.090,1.106,4.639,4.469,4.658,5.562,0.339,0.595,0.307,0.254,0.201,5.238,4.872,10.110,12.528,38.0,46.5,24.0,40.0,1.040,0.384,3.376,3.376,12.091,1.088,0.312,3.408,3.232,0.224,1.032,5.088,1.032,1.784,1638,40,38,40.0,0.721,
7.11.2025,19:21:57.368,1.297,1.387,1.387,1.025,1.387,46.2,45.7,42.7,42.8,42.9,42.5,43.2,42.7,43.6,0.966,1.090,1.450,4.432,4.468,4.445,5.413,0.304,0.515,0.258,0.237,0.205,4.979,4.871,9.850,12.531,38.0,46.2,24.0,40.0,0.832,0.376,3.392,3.392,12.091,1.096,0.312,3.408,3.232,0.224,1.032,5.088,1.032,1.784,1584,40,38,39.0,0.721,
7.11.2025,19:22:57.384,1.136,1.456,0.825,0.825,1.438,53.4,45.0,42.1,42.3,42.5,42.1,42.7,42.1,42.7,0.893,1.090,1.400,3.813,4.391,3.819,4.964,0.233,0.407,0.189,0.169,0.168,4.223,4.786,9.009,12.069,38.0,49.9,24.0,40.0,0.736,0.360,3.392,3.392,12.091,1.096,0.312,3.408,3.232,0.224,1.040,5.112,1.032,1.784,1609,40,38,40.0,0.721,
7.11.2025,19:23:57.381,1.425,1.425,1.438,1.438,1.400,49.6,43.9,41.1,41.4,41.5,41.1,41.8,41.0,41.4,0.805,1.090,1.438,2.980,4.263,2.956,4.346,0.116,0.197,0.089,0.095,0.083,3.115,4.649,7.764,11.385,38.0,49.9,24.0,40.0,1.248,0.392,3.392,3.392,12.038,1.088,0.312,3.408,3.232,0.224,1.040,5.112,1.032,1.784,1638,40,38,40.0,0.721,
7.11.2025,19:24:57.396,1.292,1.013,1.356,1.400,1.400,48.1,44.9,41.9,42.5,42.7,42.1,42.9,42.2,42.9,0.910,1.090,1.375,4.348,4.483,4.327,5.364,0.329,0.553,0.235,0.279,0.250,4.948,4.885,9.833,11.485,38.0,48.4,24.0,40.0,1.024,0.384,3.392,3.392,12.091,1.096,0.312,3.424,3.232,0.224,1.040,5.112,1.032,1.784,1609,40,38,42.0,0.722,
7.11.2025,19:25:57.398,1.434,1.438,1.425,1.438,1.438,49.2,45.4,42.4,42.8,43.0,42.5,43.1,42.6,43.6,1.003,1.090,1.450,4.843,4.509,4.883,5.739,0.374,0.676,0.323,0.274,0.225,5.524,4.915,10.439,11.972,38.0,49.8,24.0,40.0,0.576,0.360,3.392,3.392,12.091,1.088,0.312,3.408,3.232,0.224,1.032,5.088,1.032,1.784,1640,40,38,40.0,0.721,
7.11.2025,19:26:57.419,1.409,1.438,1.387,1.406,1.406,45.2,44.8,42.0,42.0,42.2,41.6,42.4,41.8,42.5,0.929,1.090,1.463,3.757,4.453,3.769,4.956,0.179,0.345,0.139,0.118,0.113,4.014,4.854,8.868,11.895,38.0,45.2,24.0,40.0,0.800,0.376,3.392,3.392,12.091,1.088,0.312,3.408,3.232,0.224,1.032,5.088,1.032,1.784,1612,40,37,40.0,0.721,
7.11.2025,19:27:57.429,1.317,1.025,1.425,1.419,1.400,51.1,44.7,41.9,42.0,42.2,41.7,42.4,41.8,42.6,0.948,1.090,1.438,4.029,4.465,4.016,5.139,0.227,0.405,0.197,0.160,0.149,4.388,4.867,9.255,11.723,38.0,44.0,24.0,40.0,0.688,0.384,3.392,3.392,12.091,1.096,0.312,3.408,3.232,0.224,1.040,5.088,1.032,1.784,1612,40,38,41.0,0.721,
7.11.2025,19:28:57.441,1.264,0.825,1.394,1.431,1.406,44.0,44.0,41.3,41.3,41.5,41.0,41.8,41.0,41.5,0.885,1.090,1.394,3.299,4.451,3.315,4.624,0.109,0.195,0.074,0.068,0.100,3.378,4.852,8.230,11.461,37.0,43.5,24.0,40.0,0.992,0.384,3.392,3.392,12.091,1.088,0.312,3.408,3.232,0.224,1.032,5.112,1.032,1.784,1636,40,38,39.0,0.722,
7.11.2025,19:29:57.444,0.975,1.387,0.838,0.838,0.838,43.5,43.1,40.5,40.6,40.7,40.3,41.1,40.1,40.6,0.868,1.090,1.450,3.105,4.410,3.106,4.472,0.077,0.124,0.048,0.063,0.075,3.114,4.808,7.922,10.900,37.0,43.5,24.0,40.0,0.864,0.376,3.392,3.392,12.091,1.096,0.312,3.408,3.232,0.224,1.040,5.088,1.032,1.784,1580,40,37,41.0,0.722,
7.11.2025,19:30:57.467,1.228,0.825,1.363,1.363,1.363,43.1,42.6,39.9,39.9,40.1,39.8,40.4,39.5,40.0,0.877,1.090,1.413,3.162,4.409,3.162,4.510,0.081,0.137,0.053,0.048,0.087,3.182,4.807,7.989,10.424,37.0,43.1,24.0,40.0,0.896,0.376,3.392,3.392,12.091,1.096,0.312,3.408,3.232,0.224,1.040,5.112,1.032,1.784,1638,40,37,37.0,0.723,
7.11.2025,19:31:57.457,1.228,0.825,1.363,1.363,1.363,43.1,42.6,39.9,39.9,40.1,39.8,40.4,39.5,40.0,0.877,1.090,1.413,3.162,4.409,3.162,4.510,0.081,0.137,0.053,0.048,0.087,3.182,4.807,7.989,10.424,37.0,43.0,24.0,40.0,0.896,0.376,3.392,3.392,12.091,1.096,0.312,3.408,3.232,0.224,1.040,5.112,1.032,1.784,1638,40,37,39.0,0.723,
7.11.2025,19:32:57.456,1.214,1.406,1.013,1.425,1.013,43.0,42.9,40.1,40.4,40.6,40.2,40.8,40.1,40.5,0.899,1.090,1.463,3.536,4.423,3.530,4.770,0.154,0.255,0.100,0.101,0.159,3.747,4.822,8.568,10.565,37.0,43.0,24.0,40.0,0.592,0.360,3.392,3.392,12.091,1.088,0.312,3.408,3.232,0.224,1.040,5.112,1.032,1.784,1609,40,37,39.0,0.723,
7.11.2025,19:33:57.483,1.397,1.387,1.312,1.444,1.444,42.8,42.6,40.0,40.0,40.2,39.8,40.5,39.6,40.1,0.875,1.090,1.444,3.161,4.412,3.168,4.513,0.086,0.134,0.055,0.068,0.087,3.194,4.810,8.005,10.505,37.0,42.5,24.0,40.0,0.848,0.384,3.392,3.392,12.091,1.088,0.312,3.408,3.232,0.224,1.040,5.112,1.032,1.784,1638,40,37,38.0,0.723,
7.11.2025,19:34:57.492,0.947,0.988,0.988,0.988,0.825,42.5,42.4,39.8,39.9,40.0,39.7,40.3,39.4,40.0,0.839,1.090,1.456,3.123,4.342,3.145,4.474,0.119,0.218,0.091,0.068,0.100,3.238,4.733,7.971,10.430,37.0,42.0,24.0,40.0,0.672,0.376,3.392,3.392,12.091,1.096,0.312,3.408,3.232,0.224,1.040,5.112,1.032,1.784,1607,40,37,37.0,0.723,
7.11.2025,19:35:57.506,0.875,1.025,0.825,0.825,0.825,42.0,41.8,39.2,39.2,39.2,39.1,39.6,38.7,39.2,0.733,1.090,1.456,2.434,4.170,2.422,3.938,0.057,0.079,0.053,0.045,0.050,2.421,4.547,6.968,9.948,37.0,42.1,24.0,40.0,0.736,0.384,3.376,3.376,12.038,1.088,0.312,3.408,3.232,0.224,1.040,5.112,1.032,1.784,1578,40,37,37.0,0.723,
7.11.2025,19:36:57.513,0.875,1.000,0.812,1.000,1.000,42.1,41.8,39.1,39.2,39.3,39.3,39.6,38.8,39.3,0.764,1.090,1.450,2.766,4.196,2.771,4.174,0.099,0.123,0.098,0.065,0.108,2.891,4.575,7.466,9.698,37.0,42.1,24.0,40.0,1.296,0.384,3.392,3.392,12.091,1.088,0.312,3.408,3.232,0.224,1.040,5.112,1.032,1.784,1607,40,37,37.0,0.723,
7.11.2025,19:37:57.518,0.953,1.000,0.812,1.000,1.000,41.6,41.6,38.9,38.9,39.0,38.9,39.3,38.4,39.0,0.742,1.090,1.456,2.542,4.173,2.543,4.017,0.073,0.109,0.068,0.057,0.058,2.576,4.551,7.127,9.468,37.0,42.2,24.0,40.0,0.992,0.384,3.392,3.392,12.091,1.096,0.312,3.408,3.232,0.224,1.032,5.112,1.032,1.784,1632,40,37,40.0,0.723,
7.11.2025,19:38:57.540,0.953,1.000,0.812,1.000,1.000,42.2,41.5,38.9,39.0,39.1,38.9,39.4,38.5,39.0,0.739,1.090,1.456,2.575,4.178,2.574,4.033,0.086,0.120,0.072,0.062,0.090,2.628,4.556,7.184,9.284,37.0,51.9,24.0,40.0,0.736,0.376,3.392,3.376,12.091,1.096,0.312,3.408,3.232,0.224,1.040,5.112,1.032,1.784,1607,40,37,41.0,0.723,
7.11.2025,19:39:57.532,0.955,0.812,1.013,0.988,1.006,51.6,41.9,39.2,39.5,39.7,39.4,39.9,39.0,39.7,0.814,1.090,1.150,3.349,4.289,3.248,4.593,0.209,0.385,0.152,0.151,0.148,3.629,4.677,8.306,9.285,37.0,46.2,24.0,40.0,1.008,0.384,3.392,3.392,12.091,1.096,0.312,3.408,3.232,0.224,1.040,5.088,1.032,1.784,1577,40,37,40.0,0.721,
7.11.2025,19:40:57.552,0.963,0.812,1.013,1.013,1.013,51.2,45.3,42.6,43.4,42.4,41.5,42.6,42.0,42.8,1.009,1.088,1.463,4.310,4.826,4.312,5.536,0.626,0.529,0.089,0.097,0.109,4.538,5.252,9.790,12.358,37.0,51.8,24.0,40.0,0.976,0.384,3.392,3.392,12.091,1.088,0.312,3.408,3.232,0.224,1.040,5.088,1.032,1.784,1609,40,37,40.0,0.721,
7.11.2025,19:41:57.551,0.963,1.013,1.025,1.137,1.137,51.2,45.3,42.6,42.1,42.4,41.5,42.6,42.0,42.8,1.009,1.088,1.463,4.310,4.826,4.312,5.536,0.206,0.529,0.089,0.097,0.109,4.538,5.252,9.790,12.358,37.0,54.1,24.0,40.0,0.976,0.384,3.392,3.392,12.091,1.088,0.312,3.408,3.232,0.224,1.040,5.088,1.032,1.784,1609,40,37,40.0,0.721,
7.11.2025,19:42:57.563,0.859,1.000,0.812,0.812,0.812,45.0,45.0,42.2,42.2,42.5,42.1,42.8,42.1,42.9,1.013,1.088,1.456,4.367,4.838,4.348,5.573,0.213,0.521,0.105,0.109,0.116,4.605,5.266,9.871,12.448,37.0,45.0,24.0,40.0,1.008,0.384,3.392,3.376,12.091,1.088,0.312,3.408,3.232,0.224,1.040,5.088,1.032,1.784,1634,40,37,39.0,0.721,
7.11.2025,19:43:57.562,0.859,1.000,0.812,0.812,0.812,45.0,45.0,42.2,42.4,42.5,42.1,42.8,42.1,42.9,0.922,1.090,1.456,4.212,4.468,4.249,5.240,0.282,0.442,0.247,0.231,0.208,4.690,4.869,9.559,12.489,37.0,45.0,24.0,40.0,0.528,0.384,3.392,3.392,12.091,1.088,0.312,3.408,3.232,0.224,1.032,5.088,1.032,1.784,1638,40,37,39.0,0.721,
7.11.2025,19:44:57.559,1.283,1.356,1.025,1.375,1.375,51.1,43.9,41.3,41.4,41.5,41.0,41.9,41.1,41.6,0.859,1.090,1.394,3.381,4.384,3.349,4.670,0.148,0.234,0.104,0.123,0.133,3.589,4.778,8.367,11.596,37.0,51.5,24.0,40.0,1.424,0.400,3.376,3.376,12.038,1.088,0.312,3.408,3.232,0.224,1.032,5.088,1.032,1.784,1578,40,37,39.0,0.722,
7.11.2025,19:45:57.571,1.219,1.200,1.337,1.169,1.169,46.5,45.2,42.3,42.5,42.6,42.0,42.9,42.3,43.2,1.026,1.088,1.181,4.891,4.769,4.875,5.867,0.309,0.456,0.210,0.281,0.290,5.451,5.192,10.644,11.849,38.0,46.5,24.0,40.0,1.184,0.392,3.392,3.392,12.091,1.088,0.312,3.408,3.232,0.224,1.040,5.088,1.032,1.784,1636,40,37,42.0,0.721,
7.11.2025,19:46:57.578,0.947,0.988,0.988,0.988,0.825,54.4,45.9,43.0,43.1,43.2,42.7,43.6,42.9,44.0,0.995,1.089,1.444,4.901,4.725,4.916,5.856,0.359,0.563,0.258,0.315,0.299,5.555,5.145,10.700,12.696,38.0,54.8,24.0,40.0,1.024,0.384,3.392,3.392,12.091,1.088,0.312,3.408,3.232,0.224,1.040,5.112,1.032,1.784,1609,40,37,40.0,0.721,
7.11.2025,19:47:57.571,1.122,1.025,0.994,1.062,1.406,57.2,46.2,43.1,43.4,43.6,43.2,43.8,43.2,44.5,1.044,1.089,1.438,5.308,4.637,5.330,6.087,0.432,0.740,0.363,0.336,0.290,6.103,5.052,11.155,12.916,38.0,57.9,24.0,40.0,0.400,0.384,3.376,3.376,12.038,1.096,0.312,3.408,3.232,0.224,1.032,5.088,1.032,1.784,1636,40,38,40.0,0.721,
7.11.2025,19:48:57.570,1.348,1.356,1.344,1.350,1.344,56.4,45.9,42.9,43.3,43.4,42.9,43.8,43.0,44.0,0.962,1.089,1.381,4.734,4.520,4.578,5.615,0.353,0.539,0.247,0.348,0.279,5.374,4.925,10.299,13.052,38.0,56.4,24.0,40.0,1.360,0.392,3.376,3.360,12.038,1.088,0.312,3.408,3.232,0.224,1.032,5.088,1.032,1.784,1605,40,38,41.0,0.721,
7.11.2025,19:49:57.576,1.116,1.150,1.013,1.150,1.150,47.0,46.0,42.9,43.4,43.5,43.0,43.7,43.2,44.1,0.975,1.090,1.406,4.896,4.505,5.030,5.723,0.389,0.639,0.275,0.325,0.315,5.585,4.909,10.494,12.947,38.0,47.0,24.0,40.0,0.608,0.384,3.392,3.392,12.091,1.088,0.312,3.408,3.232,0.224,1.032,5.112,1.032,1.784,1610,40,38,40.0,0.721,
7.11.2025,19:50:57.586,1.216,1.025,1.238,1.363,1.238,57.4,46.3,43.2,43.5,43.6,43.2,43.8,43.2,44.5,1.023,1.089,1.425,5.099,4.549,5.115,5.901,0.416,0.730,0.373,0.312,0.247,5.852,4.958,10.809,13.136,38.0,57.8,24.0,40.0,1.008,0.384,3.392,3.376,12.091,1.088,0.312,3.408,3.232,0.224,1.032,5.112,1.032,1.784,1580,40,38,40.0,0.721,
7.11.2025,19:51:57.600,1.377,1.312,1.438,1.431,1.325,54.4,45.5,42.6,42.6,42.8,42.2,43.1,42.4,43.3,0.897,1.090,1.387,3.834,4.418,3.835,4.980,0.224,0.374,0.152,0.205,0.165,4.202,4.815,9.017,12.754,38.0,54.6,24.0,40.0,0.784,0.360,3.392,3.392,12.091,1.088,0.312,3.408,3.232,0.224,1.032,5.112,1.032,1.784,1636,40,38,39.0,0.721,
7.11.2025,19:52:57.621,0.964,0.812,1.013,1.025,1.006,47.2,46.8,43.9,44.2,44.4,44.0,44.5,44.0,45.2,1.038,1.089,1.200,5.629,4.710,5.639,6.335,0.516,0.866,0.431,0.395,0.373,6.601,5.130,11.732,13.340,38.0,47.0,24.0,40.0,0.784,0.376,3.392,3.392,12.091,1.088,0.312,3.408,3.232,0.224,1.032,5.088,1.032,1.784,1609,40,38,40.0,0.721,
7.11.2025,19:53:57.631,1.241,1.025,1.087,1.444,1.406,47.5,47.1,44.3,44.4,44.7,44.3,44.7,44.1,45.6,1.050,1.089,1.100,5.646,4.722,5.619,6.365,0.521,0.917,0.443,0.389,0.335,6.649,5.143,11.792,13.820,38.0,47.2,24.0,40.0,0.592,0.384,3.392,3.392,12.091,1.088,0.312,3.408,3.232,0.224,1.032,5.088,1.032,1.784,1607,40,38,41.0,0.721,
7.11.2025,19:54:57.648,1.281,1.456,1.025,1.456,1.188,46.2,45.9,43.1,42.9,43.0,42.5,43.3,42.8,43.6,0.921,1.090,1.456,3.746,4.473,3.774,4.943,0.183,0.326,0.126,0.141,0.138,3.996,4.877,8.873,13.416,38.0,47.5,24.0,40.0,1.024,0.384,3.376,3.376,12.038,1.088,0.312,3.408,3.232,0.224,1.032,5.088,1.032,1.784,1580,40,38,41.0,0.721,
7.11.2025,19:55:57.663,0.819,0.819,0.819,0.819,0.819,46.1,45.6,42.6,42.7,42.9,42.3,43.1,42.5,43.5,0.965,1.090,1.394,4.304,4.538,4.313,5.386,0.284,0.557,0.213,0.192,0.172,4.810,4.946,9.756,12.565,38.0,46.1,24.0,40.0,0.848,0.384,3.392,3.392,12.091,1.088,0.312,3.408,3.232,0.224,1.032,5.088,1.032,1.784,1582,40,38,40.0,0.721,
7.11.2025,19:56:57.673,0.962,1.025,1.000,1.000,0.825,45.2,44.9,42.1,42.1,42.3,41.7,42.5,41.9,42.6,0.932,1.090,1.406,3.725,4.436,3.719,4.926,0.163,0.316,0.107,0.108,0.122,3.956,4.837,8.792,12.179,38.0,45.2,24.0,40.0,0.928,0.360,3.392,3.392,12.038,1.088,0.312,3.408,3.232,0.224,1.032,5.088,1.032,1.784,1609,40,38,39.0,0.721,
7.11.2025,19:57:57.682,1.053,1.000,1.163,1.025,1.025,46.4,46.2,43.2,43.4,43.7,43.1,43.7,43.1,44.4,1.049,1.089,1.244,5.411,4.772,5.408,6.197,0.447,0.849,0.337,0.315,0.286,6.150,5.196,11.346,12.505,38.0,46.4,24.0,40.0,1.008,0.384,3.392,3.376,12.091,1.088,0.312,3.408,3.232,0.224,1.032,5.088,1.032,1.784,1638,40,38,40.0,0.721,
7.11.2025,19:58:57.700,0.838,0.838,0.838,0.838,0.838,45.9,45.5,42.5,42.7,42.9,42.4,43.1,42.4,43.4,0.972,1.090,1.406,4.230,4.511,4.222,5.300,0.257,0.477,0.213,0.182,0.156,4.643,4.917,9.560,12.626,38.0,45.9,24.0,40.0,1.024,0.384,3.392,3.376,12.091,1.088,0.312,3.408,3.232,0.224,1.032,5.112,1.032,1.784,1582,40,38,39.0,0.721,
7.11.2025,19:59:57.717,1.009,1.038,1.000,1.000,1.000,44.9,45.4,42.5,42.7,42.8,42.3,43.1,42.4,43.2,0.886,1.090,1.394,3.959,4.435,3.985,5.086,0.264,0.421,0.189,0.237,0.210,4.430,4.834,9.263,12.546,38.0,44.9,24.0,40.0,0.240,0.360,3.392,3.392,12.091,1.088,0.312,3.408,3.232,0.224,1.032,5.112,1.032,1.784,1640,40,38,42.0,0.721,
7.11.2025,20:0:57.712,1.070,1.031,1.075,1.081,1.094,44.9,45.4,42.5,42.7,42.8,42.3,43.1,42.4,43.2,0.886,1.090,1.394,3.959,4.435,3.985,5.086,0.264,0.421,0.189,0.237,0.210,4.430,4.834,9.263,12.546,38.0,52.1,24.0,40.0,1.168,0.384,3.376,3.376,12.091,1.088,0.312,3.408,3.232,0.224,1.040,5.112,1.032,1.784,1582,40,38,43.0,0.721,
7.11.2025,20:1:57.719,1.183,1.019,1.337,1.038,1.337,55.6,46.1,43.0,43.3,43.5,43.0,43.6,43.1,44.3,1.027,1.090,1.031,5.143,4.553,5.126,5.941,0.429,0.801,0.355,0.315,0.244,5.901,4.962,10.863,12.708,38.0,55.9,24.0,40.0,1.024,0.384,3.376,3.376,12.091,1.088,0.312,3.408,3.232,0.224,1.032,5.088,1.032,1.784,1636,40,38,43.0,0.721,
7.11.2025,20:2:57.731,1.272,1.025,1.344,1.375,1.344,45.2,45.6,42.6,43.3,42.9,42.4,43.1,42.5,43.4,0.916,1.090,1.450,5.143,4.553,5.126,5.941,0.429,0.801,0.355,0.315,0.244,5.901,4.962,10.863,12.708,38.0,45.2,24.0,40.0,1.040,0.384,3.376,3.360,12.091,1.088,0.312,3.408,3.232,0.224,1.032,5.088,1.032,1.784,1584,40,38,42.0,0.721,
7.11.2025,20:3:57.731,0.814,0.819,0.812,0.812,0.812,47.0,46.3,43.3,42.7,43.8,43.3,44.0,43.4,44.7,1.049,1.089,1.444,5.532,4.685,5.524,6.270,0.260,0.825,0.372,0.389,0.336,6.454,5.104,11.559,12.770,38.0,47.0,24.0,40.0,0.816,0.384,3.392,3.376,12.091,1.088,0.312,3.408,3.232,0.224,1.032,5.112,1.032,1.784,1584,40,38,42.0,0.721,
7.11.2025,20:4:57.742,0.875,1.006,0.831,0.831,0.831,45.0,45.5,42.5,42.7,42.8,42.4,43.0,42.4,43.3,0.899,1.090,1.463,3.855,4.346,3.884,5.007,0.227,0.400,0.191,0.171,0.147,4.205,4.739,8.944,12.975,38.0,45.0,24.0,40.0,0.624,0.384,3.392,3.392,12.091,1.096,0.312,3.408,3.232,0.224,1.032,5.088,1.032,1.784,1636,40,38,39.0,0.721,
7.11.2025,20:5:57.761,1.288,1.387,1.013,1.375,1.375,43.8,43.4,40.6,41.0,41.1,40.8,41.4,40.6,40.9,0.781,1.091,1.444,2.797,4.145,2.793,4.222,0.074,0.117,0.057,0.059,0.064,2.844,4.522,7.366,11.565,38.0,43.8,24.0,40.0,0.240,0.376,3.392,3.392,12.091,1.088,0.312,3.408,3.232,0.224,1.032,5.088,1.032,1.784,1610,40,38,38.0,0.721,
7.11.2025,20:6:57.767,0.966,1.387,0.825,0.825,0.825,42.9,42.5,39.6,40.0,40.1,39.9,40.5,39.5,40.0,0.790,1.091,1.450,2.843,4.149,2.847,4.256,0.075,0.109,0.052,0.061,0.079,2.902,4.527,7.429,10.646,37.0,42.0,24.0,40.0,0.784,0.384,3.392,3.392,12.091,1.088,0.312,3.408,3.232,0.224,1.032,5.112,1.032,1.784,1582,40,38,38.0,0.722,
7.11.2025,20:7:57.788,0.825,0.825,0.825,0.825,0.825,46.0,42.0,39.2,39.6,39.6,39.4,40.0,39.3,39.7,0.804,1.091,1.450,3.018,4.155,3.011,4.384,0.099,0.118,0.043,0.084,0.152,3.167,4.533,7.700,10.140,37.0,46.2,24.0,40.0,0.480,0.376,3.392,3.376,12.091,1.088,0.312,3.408,3.232,0.224,1.032,5.112,1.032,1.784,1610,40,37,38.0,0.723,
7.11.2025,20:8:57.798,1.348,1.356,1.350,1.337,1.350,55.1,45.7,41.5,45.2,45.4,45.6,44.3,45.4,44.8,1.073,1.090,1.369,8.526,4.324,8.357,8.122,1.140,2.025,0.874,0.549,1.112,11.033,4.715,15.748,11.287,37.0,55.2,24.0,40.0,1.344,0.384,3.376,3.360,12.038,1.088,0.312,3.408,3.216,0.224,1.032,5.088,1.032,1.784,1632,40,37,42.0,0.723,
7.11.2025,20:9:57.807,1.278,1.025,1.363,1.363,1.363,56.0,50.4,46.1,49.8,51.8,50.1,48.6,48.6,49.7,1.281,1.090,1.375,9.889,4.431,9.963,9.180,1.536,3.717,1.120,0.499,0.809,13.082,4.834,17.916,16.352,37.0,56.0,24.0,40.0,1.360,0.392,3.376,3.376,12.091,1.096,0.312,3.408,3.232,0.224,1.040,5.088,1.032,1.784,1578,40,44,43.0,0.722,
7.11.2025,20:10:57.812,1.328,1.419,1.025,1.450,1.419,45.5,46.3,43.5,43.3,43.5,42.9,43.5,43.1,44.0,0.827,1.091,1.469,3.319,4.177,3.414,4.599,0.190,0.453,0.156,0.076,0.074,3.608,4.556,8.164,15.535,37.0,45.5,24.0,40.0,0.608,0.360,3.392,3.376,12.091,1.088,0.312,3.408,3.232,0.224,1.032,5.088,1.032,1.784,1582,40,39,40.0,0.721,
7.11.2025,20:11:57.827,1.134,1.038,1.438,1.025,1.038,44.0,43.8,41.1,41.3,41.5,41.0,41.8,41.1,41.5,0.792,1.091,1.450,2.864,4.151,2.875,4.271,0.083,0.133,0.062,0.070,0.069,2.933,4.528,7.461,12.869,37.0,44.0,24.0,40.0,0.592,0.384,3.376,3.392,12.091,1.088,0.312,3.408,3.232,0.224,1.032,5.112,1.032,1.784,1605,40,38,38.0,0.721,
7.11.2025,20:12:57.830,0.825,0.825,0.825,0.825,0.825,43.2,42.6,39.9,40.2,40.3,40.0,40.7,39.8,40.3,0.774,1.091,1.406,2.704,4.138,2.703,4.154,0.062,0.102,0.039,0.054,0.052,2.710,4.514,7.224,11.333,37.0,43.2,24.0,40.0,0.480,0.360,3.376,3.376,12.091,1.096,0.312,3.408,3.232,0.224,1.032,5.088,1.032,1.784,1636,40,37,38.0,0.722,
7.11.2025,20:13:57.842,1.331,1.438,1.438,1.438,1.013,42.6,42.1,39.4,39.6,39.7,39.5,40.1,39.2,39.7,0.771,1.091,1.438,2.692,4.134,2.693,4.140,0.061,0.102,0.039,0.047,0.056,2.691,4.510,7.200,10.438,37.0,42.6,24.0,40.0,1.040,0.384,3.392,3.392,12.091,1.088,0.312,3.408,3.232,0.224,1.032,5.112,1.032,1.784,1582,40,37,38.0,0.723,
7.11.2025,20:14:57.850,0.825,0.825,0.825,0.825,0.825,42.5,41.8,39.2,39.3,39.4,39.2,39.8,38.8,39.4,0.768,1.091,1.456,2.696,4.129,2.695,4.139,0.064,0.112,0.044,0.049,0.051,2.701,4.504,7.206,9.932,37.0,42.5,24.0,40.0,0.496,0.360,3.392,3.392,12.091,1.088,0.312,3.408,3.232,0.224,1.032,5.088,1.032,1.784,1609,40,37,37.0,0.723,
7.11.2025,20:15:57.864,0.973,1.381,0.838,0.838,0.838,41.9,41.7,39.0,39.0,39.1,39.0,39.4,38.6,39.2,0.770,1.091,1.406,2.712,4.134,2.711,4.151,0.063,0.097,0.047,0.051,0.056,2.716,4.509,7.226,9.656,38.0,41.9,24.0,40.0,0.896,0.384,3.392,3.392,12.091,1.088,0.312,3.408,3.232,0.224,1.032,5.112,1.032,1.784,1607,40,37,39.0,0.723,
7.11.2025,20:16:57.877,1.400,1.400,1.400,1.400,1.400,41.9,41.6,38.9,39.0,39.1,39.0,39.5,38.6,39.2,0.785,1.091,1.413,2.801,4.140,2.806,4.218,0.072,0.114,0.056,0.056,0.064,2.835,4.517,7.351,9.580,37.0,41.9,24.0,40.0,0.592,0.376,3.392,3.392,12.091,1.088,0.312,3.408,3.232,0.224,1.032,5.112,1.032,1.784,1638,40,37,37.0,0.723,
7.11.2025,20:17:57.884,1.312,1.438,1.438,1.000,1.375,42.2,41.5,38.9,38.9,39.0,38.8,39.3,38.5,39.1,0.776,1.091,1.450,2.719,4.138,2.718,4.164,0.059,0.086,0.043,0.052,0.055,2.724,4.515,7.239,9.499,37.0,42.2,24.0,40.0,0.976,0.360,3.392,3.392,12.091,1.088,0.312,3.408,3.232,0.224,1.032,5.112,1.032,1.784,1636,40,37,37.0,0.723,
7.11.2025,20:18:57.893,1.291,1.363,1.025,1.387,1.387,42.0,41.6,38.9,38.9,38.9,38.8,39.3,38.5,39.1,0.779,1.091,1.450,2.769,4.141,2.767,4.197,0.067,0.100,0.054,0.058,0.057,2.795,4.517,7.312,9.479,37.0,42.0,24.0,40.0,1.312,0.400,3.392,3.392,12.091,1.088,0.312,3.408,3.232,0.224,1.032,5.112,1.032,1.784,1582,40,37,37.0,0.723,
7.11.2025,20:19:57.889,1.322,1.300,1.300,1.363,1.325,51.2,42.4,39.4,40.2,40.2,40.1,40.6,39.8,40.4,0.876,1.090,1.375,4.042,4.276,3.937,5.129,0.289,0.443,0.222,0.249,0.241,4.634,4.663,9.297,9.773,37.0,51.6,24.0,40.0,1.360,0.392,3.376,3.376,12.038,1.088,0.312,3.408,3.232,0.224,1.032,5.088,1.032,1.784,1607,40,37,39.0,0.723,
7.11.2025,20:20:57.897,1.069,1.062,1.062,1.062,1.087,57.2,45.8,42.4,43.6,43.8,43.5,43.9,43.2,44.3,1.063,1.089,1.087,6.318,4.757,6.379,6.764,0.639,1.040,0.551,0.503,0.463,7.454,5.180,12.634,11.828,37.0,57.5,24.0,40.0,1.008,0.384,3.376,3.376,12.091,1.088,0.312,3.408,3.216,0.224,1.032,5.088,1.032,1.784,1609,40,37,42.0,0.723,
7.11.2025,20:21:57.898,1.375,1.363,1.387,1.387,1.363,47.8,47.0,44.0,44.5,44.7,44.4,44.8,44.1,45.5,1.083,1.088,1.469,6.394,4.945,6.400,6.937,0.634,1.082,0.532,0.488,0.435,7.515,5.381,12.896,13.346,37.0,47.0,24.0,40.0,0.960,0.384,3.392,3.392,12.091,1.088,0.312,3.408,3.232,0.224,1.032,5.088,1.032,1.784,1607,40,38,43.0,0.721,
7.11.2025,20:22:57.916,1.267,1.244,1.337,1.244,1.244,59.9,48.1,45.3,45.9,46.3,45.8,46.2,45.4,46.8,1.127,1.087,1.375,7.220,5.040,7.107,7.502,0.794,1.434,0.629,0.589,0.523,8.602,5.484,14.086,14.578,37.0,59.2,24.0,40.0,1.328,0.392,3.376,3.376,12.091,1.088,0.312,3.408,3.232,0.224,1.040,5.088,1.032,1.784,1632,40,38,42.0,0.721,
7.11.2025,20:23:57.937,1.203,0.994,0.994,1.413,1.413,46.8,47.1,44.3,44.2,44.3,43.8,44.7,44.1,45.2,0.901,1.090,1.425,4.464,4.494,4.603,5.487,0.353,0.564,0.253,0.317,0.278,5.112,4.897,10.009,14.869,38.0,46.8,24.0,40.0,1.056,0.392,3.392,3.392,12.144,1.096,0.312,3.408,3.232,0.224,1.032,5.112,1.032,1.784,1610,40,38,41.0,0.721,
7.11.2025,20:24:57.943,1.292,1.381,1.394,1.000,1.394,45.0,45.3,42.4,42.6,42.6,42.3,42.9,42.4,43.1,0.826,1.090,1.406,3.565,4.296,3.580,4.803,0.222,0.328,0.221,0.179,0.158,3.964,4.683,8.647,13.142,38.0,45.0,24.0,40.0,0.560,0.360,3.392,3.392,12.091,1.096,0.312,3.408,3.232,0.224,1.032,5.112,1.032,1.784,1610,40,38,41.0,0.721,
7.11.2025,20:25:57.962,0.825,0.825,0.825,0.825,0.825,50.6,44.1,41.3,41.5,41.6,41.2,42.0,41.2,41.7,0.807,1.090,1.413,3.060,4.268,3.049,4.413,0.128,0.201,0.108,0.094,0.111,3.223,4.653,7.876,11.933,38.0,50.9,24.0,40.0,1.392,0.360,3.392,3.392,12.091,1.088,0.312,3.408,3.232,0.224,1.032,5.112,1.032,1.784,1638,40,38,39.0,0.721,
7.11.2025,20:26:57.976,1.209,1.400,1.019,1.400,1.019,43.9,43.5,40.8,41.1,41.3,40.9,41.6,40.8,41.1,0.819,1.090,1.450,3.112,4.286,3.108,4.440,0.130,0.213,0.100,0.089,0.118,3.284,4.673,7.957,11.124,38.0,43.9,24.0,40.0,1.216,0.400,3.392,3.392,12.091,1.088,0.312,3.408,3.232,0.224,1.040,5.088,1.032,1.784,1580,40,37,39.0,0.722,
7.11.2025,20:27:57.997,0.984,1.425,0.838,0.838,0.838,43.5,42.9,40.3,40.4,40.6,40.2,40.9,40.0,40.4,0.797,1.090,1.400,2.826,4.261,2.841,4.235,0.090,0.155,0.058,0.067,0.078,2.883,4.646,7.529,10.538,38.0,43.5,24.0,40.0,0.624,0.392,3.392,3.392,12.091,1.088,0.312,3.408,3.232,0.224,1.032,5.112,1.032,1.784,1636,40,37,40.0,0.722,
7.11.2025,20:28:57.995,1.403,1.375,1.400,1.438,1.400,43.2,42.6,39.9,40.1,40.2,39.9,40.5,39.6,40.1,0.798,1.090,1.456,2.859,4.266,2.842,4.257,0.094,0.156,0.057,0.071,0.091,2.926,4.652,7.577,10.052,37.0,43.2,24.0,40.0,0.992,0.384,3.392,3.392,12.091,1.088,0.312,3.408,3.232,0.224,1.040,5.088,1.032,1.784,1609,40,37,38.0,0.723,
7.11.2025,20:29:58.003,1.414,1.375,1.444,1.400,1.438,43.8,43.5,40.7,41.1,41.3,40.8,41.6,40.9,41.3,0.905,1.089,1.419,3.810,4.473,3.813,5.000,0.203,0.321,0.120,0.160,0.210,4.146,4.873,9.019,10.493,37.0,43.8,24.0,40.0,0.896,0.384,3.376,3.376,12.038,1.088,0.312,3.408,3.232,0.224,1.032,5.112,1.032,1.784,1638,40,37,38.0,0.723,
7.11.2025,20:30:58.015,1.053,1.087,1.087,1.019,1.019,58.9,44.8,41.8,42.2,42.4,41.8,42.6,42.2,42.9,1.020,1.088,1.087,5.028,4.758,5.001,5.965,0.356,0.572,0.217,0.278,0.356,5.696,5.180,10.876,11.173,37.0,59.5,24.0,40.0,1.008,0.384,3.376,3.376,12.091,1.088,0.312,3.408,3.232,0.224,1.032,5.088,1.032,1.784,1605,40,37,42.0,0.722,
7.11.2025,20:31:58.007,1.434,1.431,1.431,1.438,1.438,59.2,45.7,42.7,43.2,43.4,42.7,43.5,43.0,43.9,1.024,1.089,1.325,5.220,4.670,5.241,6.053,0.416,0.697,0.247,0.324,0.396,6.087,5.085,11.172,12.251,37.0,48.0,24.0,40.0,0.560,0.376,3.392,3.392,12.091,1.088,0.312,3.408,3.232,0.224,1.032,5.088,1.032,1.784,1582,40,37,40.0,0.722,
7.11.2025,20:32:58.031,1.361,1.344,1.325,1.387,1.387,54.9,46.5,43.6,43.8,44.0,43.4,44.2,43.8,44.8,1.056,1.089,1.363,5.596,4.698,5.527,6.329,0.474,0.767,0.304,0.376,0.448,6.614,5.115,11.730,13.152,37.0,55.2,24.0,40.0,1.152,0.392,3.376,3.376,12.038,1.088,0.312,3.408,3.232,0.224,1.032,5.088,1.032,1.784,1607,40,38,44.0,0.721,
7.11.2025,20:33:58.041,1.322,1.438,1.413,1.025,1.413,51.2,46.3,43.4,43.3,43.4,42.9,43.6,43.4,44.3,0.997,1.089,1.450,4.794,4.610,4.841,5.720,0.340,0.554,0.222,0.252,0.331,5.411,5.022,10.433,13.276,38.0,51.5,24.0,40.0,0.832,0.384,3.376,3.376,12.091,1.088,0.312,3.408,3.232,0.224,1.032,5.088,1.032,1.784,1605,40,38,43.0,0.721,
7.11.2025,20:34:58.061,1.325,1.413,1.025,1.438,1.425,49.1,47.8,44.9,45.8,45.8,45.8,46.0,45.5,46.5,1.102,1.089,1.331,6.916,4.817,6.931,7.202,0.718,1.047,0.642,0.583,0.602,8.354,5.245,13.599,14.210,38.0,49.2,24.0,40.0,1.424,0.392,3.392,3.376,12.038,1.096,0.312,3.408,3.232,0.224,1.032,5.088,1.032,1.784,1638,40,38,44.0,0.721,
7.11.2025,20:35:58.066,1.413,1.394,1.394,1.431,1.431,55.0,46.2,43.4,43.2,43.2,42.9,43.5,43.2,44.1,0.890,1.090,1.456,3.971,4.415,3.959,5.109,0.244,0.391,0.211,0.188,0.188,4.445,4.811,9.256,13.965,38.0,55.0,24.0,40.0,1.344,0.400,3.360,3.376,12.091,1.088,0.312,3.408,3.232,0.224,1.032,5.088,1.032,1.784,1636,40,38,40.0,0.721,
7.11.2025,20:36:58.078,1.270,1.344,1.363,1.013,1.363,59.4,45.7,42.9,43.0,43.1,42.8,43.3,42.9,43.7,0.960,1.089,1.387,4.605,4.537,4.558,5.573,0.333,0.529,0.341,0.242,0.221,5.292,4.943,10.235,12.782,38.0,59.6,24.0,40.0,1.040,0.392,3.376,3.376,12.038,1.088,0.312,3.408,3.232,0.224,1.032,5.088,1.032,1.784,1607,40,38,41.0,0.721,
7.11.2025,20:37:58.090,1.383,1.387,1.387,1.337,1.419,47.0,46.7,43.8,44.1,44.2,44.0,44.5,43.8,45.0,1.009,1.089,1.400,5.350,4.609,5.388,6.108,0.457,0.669,0.449,0.387,0.323,6.323,5.022,11.344,13.523,38.0,47.0,24.0,40.0,1.024,0.384,3.392,3.376,12.091,1.088,0.312,3.408,3.232,0.224,1.032,5.088,1.032,1.784,1580,40,38,42.0,0.721,
7.11.2025,20:38:58.096,1.242,0.825,1.381,1.381,1.381,46.9,45.2,42.3,42.5,42.5,42.1,42.8,42.4,43.1,0.873,1.090,1.381,3.858,4.317,3.884,4.974,0.245,0.374,0.196,0.210,0.199,4.265,4.707,8.972,12.736,38.0,47.1,24.0,40.0,0.992,0.384,3.392,3.392,12.091,1.088,0.312,3.408,3.232,0.224,1.032,5.112,1.032,1.784,1638,40,38,42.0,0.721,
7.11.2025,20:39:58.117,1.325,1.169,1.444,1.244,1.444,51.5,46.9,44.0,44.0,44.3,43.7,44.3,43.7,45.0,1.061,1.088,1.131,5.875,4.926,5.832,6.566,0.524,1.007,0.382,0.376,0.330,6.699,5.361,12.060,13.120,38.0,51.0,24.0,40.0,1.024,0.384,3.392,3.376,12.091,1.088,0.312,3.408,3.232,0.224,1.040,5.088,1.032,1.784,1638,40,38,41.0,0.721,
7.11.2025,20:40:58.125,1.312,1.419,1.419,1.400,1.013,45.6,45.8,43.0,42.9,43.0,42.5,43.3,42.8,43.6,0.901,1.090,1.456,3.870,4.430,3.918,5.000,0.223,0.333,0.175,0.202,0.182,4.235,4.828,9.063,13.171,38.0,45.8,24.0,40.0,0.512,0.384,3.392,3.392,12.091,1.088,0.312,3.408,3.232,0.224,1.040,5.088,1.032,1.784,1640,40,38,42.0,0.721,
7.11.2025,20:41:58.147,1.300,1.413,1.387,1.387,1.013,48.8,46.4,43.5,43.4,43.6,43.0,43.8,43.3,44.5,1.041,1.088,1.431,5.155,4.834,5.140,6.079,0.379,0.659,0.254,0.298,0.305,5.814,5.263,11.077,12.901,38.0,48.2,24.0,40.0,0.992,0.384,3.392,3.392,12.091,1.088,0.312,3.408,3.232,0.224,1.040,5.088,1.032,1.784,1612,40,38,41.0,0.721,
7.11.2025,20:42:58.152,1.036,1.087,1.019,1.019,1.019,51.8,46.8,43.9,43.8,43.9,43.4,44.2,43.7,44.9,1.054,1.088,1.094,5.465,4.886,5.430,6.314,0.423,0.674,0.285,0.365,0.369,6.246,5.318,11.565,13.318,38.0,52.1,24.0,40.0,1.056,0.384,3.376,3.376,12.091,1.088,0.312,3.408,3.232,0.224,1.032,5.112,1.032,1.784,1607,40,38,42.0,0.721,
7.11.2025,20:43:58.153,0.825,0.825,0.825,0.825,0.825,46.4,47.3,44.4,44.7,45.0,44.4,44.9,44.3,45.7,1.020,1.089,1.463,5.755,4.684,5.817,6.409,0.583,1.087,0.446,0.428,0.372,6.771,5.101,11.872,13.919,38.0,46.5,24.0,40.0,1.200,0.392,3.376,3.392,12.091,1.096,0.312,3.408,3.232,0.224,1.032,5.112,1.032,1.784,1638,40,38,40.0,0.721,
7.11.2025,20:44:58.164,0.966,1.387,0.825,0.825,0.825,51.0,45.7,42.8,42.8,43.0,42.5,43.3,42.6,43.4,0.872,1.090,1.406,3.698,4.363,3.690,4.876,0.218,0.358,0.172,0.188,0.155,4.076,4.756,8.832,13.216,38.0,51.4,24.0,40.0,0.880,0.384,3.392,3.392,12.091,1.096,0.312,3.408,3.232,0.224,1.040,5.112,1.032,1.784,1607,40,38,42.0,0.721,
7.11.2025,20:45:58.166,1.328,1.438,1.438,1.425,1.013,49.4,44.2,41.5,41.6,41.8,41.3,42.1,41.3,41.7,0.813,1.090,1.463,2.997,4.274,2.980,4.352,0.109,0.169,0.076,0.091,0.100,3.119,4.660,7.778,11.903,38.0,49.5,24.0,40.0,1.168,0.392,3.376,3.376,12.038,1.088,0.312,3.408,3.232,0.224,1.032,5.112,1.032,1.784,1609,40,38,42.0,0.721,
7.11.2025,20:46:58.185,1.394,1.387,1.400,1.400,1.387,45.2,44.2,41.3,41.7,41.9,41.5,42.2,41.3,41.9,0.903,1.089,1.438,3.897,4.490,3.877,5.061,0.213,0.330,0.149,0.191,0.182,4.256,4.893,9.148,11.237,38.0,45.2,24.0,40.0,1.168,0.384,3.376,3.376,12.091,1.088,0.312,3.408,3.232,0.224,1.032,5.088,1.032,1.784,1582,40,38,43.0,0.722,
7.11.2025,20:47:58.183,0.978,1.400,0.838,0.838,0.838,52.0,45.0,42.0,42.4,42.5,42.0,42.8,42.2,42.9,0.955,1.089,1.456,4.367,4.611,4.396,5.458,0.256,0.380,0.163,0.230,0.250,4.803,5.023,9.826,11.850,38.0,52.2,24.0,40.0,0.736,0.384,3.392,3.392,12.091,1.088,0.312,3.408,3.232,0.224,1.032,5.112,1.032,1.784,1612,40,38,39.0,0.722,
7.11.2025,20:48:58.188,1.383,1.387,1.375,1.375,1.394,50.4,44.9,41.9,42.3,42.4,41.9,42.7,42.0,42.7,0.911,1.090,1.413,4.095,4.473,4.103,5.201,0.263,0.416,0.192,0.222,0.224,4.552,4.875,9.427,11.988,38.0,50.9,24.0,40.0,0.320,0.360,3.392,3.392,12.091,1.088,0.312,3.408,3.232,0.224,1.040,5.112,1.032,1.784,1609,40,38,39.0,0.722,
7.11.2025,20:49:58.190,1.219,1.350,1.350,1.350,0.825,48.9,43.0,40.4,40.5,40.6,40.3,40.9,40.0,40.4,0.728,1.090,1.450,2.408,4.172,2.420,3.914,0.057,0.090,0.042,0.041,0.055,2.375,4.550,6.925,10.983,38.0,49.1,24.0,40.0,0.752,0.384,3.392,3.392,12.091,1.088,0.312,3.408,3.232,0.224,1.040,5.112,1.032,1.784,1634,40,37,39.0,0.721,
7.11.2025,20:50:58.208,1.245,1.381,1.381,1.381,0.838,49.8,42.4,39.7,39.7,39.8,39.6,40.2,39.2,39.7,0.735,1.090,1.394,2.433,4.175,2.422,3.936,0.055,0.089,0.042,0.040,0.050,2.399,4.553,6.952,10.071,38.0,49.2,24.0,40.0,1.024,0.392,3.392,3.392,12.144,1.096,0.312,3.408,3.232,0.224,1.040,5.112,1.032,1.784,1638,40,37,38.0,0.722,
7.11.2025,20:51:58.219,1.317,1.444,1.013,1.375,1.438,55.1,44.4,41.2,42.3,42.5,42.2,42.7,41.8,42.6,0.955,1.089,1.413,5.178,4.527,5.166,5.932,0.492,0.799,0.415,0.402,0.351,6.119,4.933,11.052,10.668,37.0,55.5,24.0,40.0,0.752,0.360,3.392,3.392,12.091,1.088,0.312,3.408,3.232,0.224,1.032,5.088,1.032,1.784,1610,40,37,42.0,0.723,
7.11.2025,20:52:58.221,1.247,1.387,0.825,1.387,1.387,48.1,43.7,41.0,41.2,41.4,40.9,41.6,40.8,41.2,0.833,1.090,1.406,3.138,4.304,3.136,4.451,0.128,0.224,0.083,0.095,0.108,3.273,4.692,7.966,11.153,37.0,48.6,24.0,40.0,1.328,0.368,3.392,3.392,12.091,1.088,0.312,3.408,3.232,0.224,1.032,5.088,1.032,1.784,1636,40,37,39.0,0.722,
7.11.2025,20:53:58.241,0.955,1.363,0.819,0.819,0.819,51.2,43.2,40.5,40.7,40.8,40.5,41.2,40.2,40.7,0.827,1.090,1.400,3.026,4.286,3.036,4.371,0.108,0.196,0.075,0.074,0.086,3.115,4.673,7.787,10.642,37.0,51.6,24.0,40.0,0.928,0.376,3.392,3.392,12.091,1.096,0.312,3.408,3.232,0.224,1.040,5.112,1.032,1.784,1609,40,37,38.0,0.722,
7.11.2025,20:54:58.242,0.814,0.838,0.806,0.806,0.806,51.2,43.4,40.5,41.0,41.2,40.9,41.4,40.6,41.1,0.866,1.090,1.406,3.667,4.331,3.669,4.835,0.227,0.391,0.193,0.165,0.158,4.060,4.721,8.781,10.504,37.0,51.8,24.0,40.0,0.496,0.360,3.392,3.392,12.091,1.096,0.312,3.408,3.232,0.224,1.032,5.112,1.032,1.784,1582,40,37,38.0,0.722,
7.11.2025,20:55:58.264,1.037,1.075,1.025,1.025,1.025,54.0,43.8,40.8,41.4,41.7,41.3,41.9,40.9,41.7,0.924,1.090,1.094,4.183,4.454,4.107,5.229,0.297,0.550,0.248,0.210,0.181,4.664,4.854,9.519,10.756,37.0,54.4,24.0,40.0,1.440,0.400,3.360,3.360,12.038,1.088,0.312,3.408,3.232,0.224,1.040,5.088,1.032,1.784,1607,40,37,40.0,0.722,
7.11.2025,20:56:58.272,0.944,0.838,0.838,0.838,1.262,48.8,46.4,43.0,43.9,44.3,43.7,44.1,43.6,44.8,1.042,1.089,1.294,5.963,4.662,5.976,6.526,0.609,1.148,0.473,0.418,0.396,7.073,5.079,12.152,12.460,38.0,48.2,24.0,40.0,1.024,0.384,3.392,3.392,12.091,1.096,0.312,3.408,3.232,0.224,1.032,5.088,1.032,1.784,1610,40,37,42.0,0.722,
7.11.2025,20:57:58.273,1.192,1.312,1.113,1.244,1.100,52.5,46.4,43.3,43.8,44.0,43.5,44.1,43.5,44.6,0.985,1.089,1.350,5.366,4.601,5.386,6.115,0.517,0.937,0.413,0.380,0.338,6.309,5.012,11.321,13.028,38.0,52.8,24.0,40.0,1.440,0.392,3.360,3.376,12.038,1.088,0.312,3.408,3.232,0.224,1.040,5.088,1.032,1.784,1638,40,38,42.0,0.721,
7.11.2025,20:58:58.282,1.331,1.438,1.438,0.994,1.456,54.8,45.7,42.7,42.8,43.0,42.4,43.2,42.6,43.5,0.935,1.090,1.475,4.165,4.483,4.202,5.242,0.277,0.556,0.217,0.183,0.152,4.604,4.886,9.490,12.930,38.0,45.5,24.0,40.0,0.704,0.360,3.392,3.392,12.091,1.096,0.312,3.408,3.232,0.224,1.032,5.088,1.032,1.784,1609,40,38,39.0,0.721,
7.11.2025,20:59:58.302,0.808,0.812,0.806,0.806,0.806,44.2,44.3,41.6,41.7,41.9,41.4,42.2,41.4,42.0,0.803,1.090,1.456,3.177,4.304,3.185,4.534,0.161,0.324,0.105,0.112,0.104,3.395,4.690,8.086,12.126,38.0,44.2,24.0,40.0,0.768,0.360,3.392,3.392,12.091,1.096,0.312,3.408,3.232,0.224,1.032,5.112,1.032,1.784,1609,40,38,41.0,0.721,
7.11.2025,21:0:58.313,1.084,1.087,1.087,1.087,1.075,53.9,44.3,41.4,41.9,42.0,41.7,42.3,41.6,42.3,0.848,1.090,1.312,3.933,4.319,3.847,5.048,0.287,0.446,0.257,0.238,0.207,4.451,4.708,9.159,11.625,38.0,54.1,24.0,40.0,1.072,0.384,3.392,3.376,12.038,1.088,0.312,3.408,3.232,0.224,1.040,5.088,1.032,1.784,1578,40,38,42.0,0.721,
7.11.2025,21:1:58.354,1.080,1.013,1.013,1.013,1.281,53.9,47.2,43.9,45.2,45.6,45.0,45.6,44.7,45.9,1.119,1.088,1.294,7.406,4.870,7.406,7.577,0.875,1.559,0.660,0.698,0.584,9.069,5.302,14.371,12.756,38.0,54.4,24.0,40.0,1.232,0.400,3.392,3.392,12.091,1.088,0.312,3.408,3.232,0.224,1.032,5.088,1.032,1.784,1607,40,38,44.0,0.722,
Date,Time,"Core VIDs (avg) [V]","Core 0 VID [V]","Core 1 VID [V]","Core 2 VID [V]","Core 3 VID [V]","CPU (Tctl/Tdie) [°C]","CPU SOC [°C]","APU GFX [°C]","Core Temperatures (avg) [°C]","Core0 [°C]","Core1 [°C]","Core2 [°C]","Core3 [°C]","L3 Cache [°C]","CPU Core Voltage (SVI2 TFN) [V]","SoC Voltage (SVI2 TFN) [V]","CPU Core VID (Effective) [V]","CPU Core Current (SVI2 TFN) [A]","SoC Current (SVI2 TFN) [A]","CPU TDC [A]","CPU Package Power [W]","Core Powers (avg) [W]","Core 0 Power [W]","Core 1 Power [W]","Core 2 Power [W]","Core 3 Power [W]","CPU Core Power (SVI2 TFN) [W]","CPU SoC Power (SVI2 TFN) [W]","Core+SoC Power (SVI2 TFN) [W]","APU STAPM [W]","Motherboard [°C]","CPU [°C]","AUXTIN2 [°C]","CPU (PECI) [°C]","Vcore [V]","VIN1 [V]","+3.3V (AVCC) [V]","+3.3V (3VCC) [V]","+12V [V]","VCOREREFIN [V]","VIN4 [V]","3VSB [V]","VBAT [V]","VIN5 [V]","VIN6 [V]","+5V [V]","VIN3 [V]","VIN7 [V]","CPU1 [RPM]","Drive Airflow Temperature [°C]","Drive Temperature [°C]","GPU Temperature [°C]","GPU Core Voltage (VDDCR_GFX) [V]",
,,CPU [#0]: AMD Ryzen 5 2400G,CPU [#0]: AMD Ryzen 5 2400G,CPU [#0]: AMD Ryzen 5 2400G,CPU [#0]: AMD Ryzen 5 2400G,CPU [#0]: AMD Ryzen 5 2400G,CPU [#0]: AMD Ryzen 5 2400G: Enhanced,CPU [#0]: AMD Ryzen 5 2400G: Enhanced,CPU [#0]: AMD Ryzen 5 2400G: Enhanced,CPU [#0]: AMD Ryzen 5 2400G: Enhanced,CPU [#0]: AMD Ryzen 5 2400G: Enhanced,CPU [#0]: AMD Ryzen 5 2400G: Enhanced,CPU [#0]: AMD Ryzen 5 2400G: Enhanced,CPU [#0]: AMD Ryzen 5 2400G: Enhanced,CPU [#0]: AMD Ryzen 5 2400G: Enhanced,CPU [#0]: AMD Ryzen 5 2400G: Enhanced,CPU [#0]: AMD Ryzen 5 2400G: Enhanced,CPU [#0]: AMD Ryzen 5 2400G: Enhanced,CPU [#0]: AMD Ryzen 5 2400G: Enhanced,CPU [#0]: AMD Ryzen 5 2400G: Enhanced,CPU [#0]: AMD Ryzen 5 2400G: Enhanced,CPU [#0]: AMD Ryzen 5 2400G: Enhanced,CPU [#0]: AMD Ryzen 5 2400G: Enhanced,CPU [#0]: AMD Ryzen 5 2400G: Enhanced,CPU [#0]: AMD Ryzen 5 2400G: Enhanced,CPU [#0]: AMD Ryzen 5 2400G: Enhanced,CPU [#0]: AMD Ryzen 5 2400G: Enhanced,CPU [#0]: AMD Ryzen 5 2400G: Enhanced,CPU [#0]: AMD Ryzen 5 2400G: Enhanced,CPU [#0]: AMD Ryzen 5 2400G: Enhanced,CPU [#0]: AMD Ryzen 5 2400G: Enhanced,ASRock AB350M Pro4 (Nuvoton NCT6779D),ASRock AB350M Pro4 (Nuvoton NCT6779D),ASRock AB350M Pro4 (Nuvoton NCT6779D),ASRock AB350M Pro4 (Nuvoton NCT6779D),ASRock AB350M Pro4 (Nuvoton NCT6779D),ASRock AB350M Pro4 (Nuvoton NCT6779D),ASRock AB350M Pro4 (Nuvoton NCT6779D),ASRock AB350M Pro4 (Nuvoton NCT6779D),ASRock AB350M Pro4 (Nuvoton NCT6779D),ASRock AB350M Pro4 (Nuvoton NCT6779D),ASRock AB350M Pro4 (Nuvoton NCT6779D),ASRock AB350M Pro4 (Nuvoton NCT6779D),ASRock AB350M Pro4 (Nuvoton NCT6779D),ASRock AB350M Pro4 (Nuvoton NCT6779D),ASRock AB350M Pro4 (Nuvoton NCT6779D),ASRock AB350M Pro4 (Nuvoton NCT6779D),ASRock AB350M Pro4 (Nuvoton NCT6779D),ASRock AB350M Pro4 (Nuvoton NCT6779D),ASRock AB350M Pro4 (Nuvoton NCT6779D),S.M.A.R.T.: SAMSUNG MZNLN128HCGR-000H1 (S206NXAG821205) [D:],S.M.A.R.T.: TS256GMTE220S (F654750575) [C:],GPU [#0]: AMD Radeon RX Vega 11,GPU [#0]: AMD Radeon RX Vega 11,
